<?xml version="1.0" encoding="UTF-8"?>
<GenRun Id="synth_1" LaunchPart="xc7a35tcpg236-1" LaunchTime="1580371264">
  <File Type="VDS-TIMING-PB" Name="processor_timing_summary_synth.pb"/>
  <File Type="VDS-TIMINGSUMMARY" Name="processor_timing_summary_synth.rpt"/>
  <File Type="RDS-RDS" Name="processor.vds"/>
  <File Type="PA-TCL" Name="processor.tcl"/>
  <File Type="RDS-PROPCONSTRS" Name="processor_drc_synth.rpt"/>
  <File Type="RDS-UTIL" Name="processor_utilization_synth.rpt"/>
  <File Type="RDS-UTIL-PB" Name="processor_utilization_synth.pb"/>
  <File Type="RDS-DCP" Name="processor.dcp"/>
  <FileSet Name="sources" Type="DesignSrcs" RelSrcDir="$PSRCDIR/sources_1">
    <Filter Type="Srcs"/>
    <File Path="$PSRCDIR/sources_1/imports/Assignments/processor.vhd">
      <FileInfo>
        <Attr Name="ImportPath" Val="$PPRDIR/../processor.vhd"/>
        <Attr Name="ImportTime" Val="1579765047"/>
        <Attr Name="UsedIn" Val="synthesis"/>
        <Attr Name="UsedIn" Val="simulation"/>
      </FileInfo>
    </File>
    <Config>
      <Option Name="DesignMode" Val="RTL"/>
      <Option Name="TopModule" Val="processor"/>
      <Option Name="TopAutoSet" Val="TRUE"/>
    </Config>
  </FileSet>
  <FileSet Name="constrs_in" Type="Constrs" RelSrcDir="$PSRCDIR/constrs_1">
    <Filter Type="Constrs"/>
    <Config>
      <Option Name="ConstrsType" Val="XDC"/>
    </Config>
  </FileSet>
  <Strategy Version="1" Minor="2">
    <StratHandle Name="Vivado Synthesis Defaults" Flow="Vivado Synthesis 2016"/>
    <Step Id="synth_design"/>
  </Strategy>
</GenRun>
